{
    "ALICE_HOME": [
        2.802584171295166,
        -2.1626435718932093,
        2.5096266905414026,
        -0.2955489915660401,
        -4.292219702397482,
        0.8100595474243164
    ],
    "BOB_HOME": [
        2.507490634918213,
        -0.5624452394298096,
        -2.4498865604400635,
        -3.2787333927550257,
        -1.4459698835956019,
        2.350020408630371
    ],
    "UPRIGHT": [
        0.0,
        -1.5709999799728394,
        0.0,
        -1.5709999799728394,
        0.0,
        0.0
    ],
    "TEST": []
}