{
    "default": {
        "M": [
            100.0,
            100.0,
            100.0,
            2.0,
            2.0,
            2.0
        ],
        "D": [
            800.0,
            800.0,
            800.0,
            20.0,
            20.0,
            20.0
        ],
        "K": [
            600.0,
            600.0,
            600.0,
            50.0,
            50.0,
            50.0
        ],
        "alpha": 0.01
    },
    "BOB_BUILD_LEGO": {
        "M": [
            10.0,
            1.0,
            1.0,
            0.10000000149011612,
            0.10000000149011612,
            0.10000000149011612
        ],
        "D": [
            500.0,
            500.0,
            500.0,
            5.0,
            5.0,
            5.0
        ],
        "K": [
            2000.0,
            10.0,
            10.0,
            1.0,
            100.0,
            10.0
        ],
        "alpha": 0.01
    },
    "test": {
        "M": [
            100.0,
            100.0,
            100.0,
            2.0,
            2.0,
            2.0
        ],
        "D": [
            800.0,
            800.0,
            800.0,
            20.0,
            20.0,
            20.0
        ],
        "K": [
            600.0,
            600.0,
            600.0,
            50.0,
            50.0,
            50.0
        ],
        "alpha": 0.10000000149011612
    },
    "test23": {
        "M": [
            100.0,
            100.0,
            100.0,
            2.0,
            2.0,
            2.0
        ],
        "D": [
            800.0,
            800.0,
            800.0,
            20.0,
            20.0,
            20.0
        ],
        "K": [
            600.0,
            600.0,
            600.0,
            50.0,
            50.0,
            50.0
        ],
        "alpha": 0.01
    },
    "test56": {
        "M": [
            100.0,
            100.0,
            100.0,
            2.0,
            2.0,
            2.0
        ],
        "D": [
            800.0,
            800.0,
            800.0,
            20.0,
            20.0,
            20.0
        ],
        "K": [
            600.0,
            600.0,
            600.0,
            50.0,
            50.0,
            50.0
        ],
        "alpha": 0.01
    }
}