{
    "ALICE_HOME": [
        2.802584171295166,
        -2.1626435718932093,
        2.5096266905414026,
        -0.2955489915660401,
        -4.292219702397482,
        0.8100595474243164
    ],
    "BOB_HOME": [
        1.7893418073654175,
        -0.9541193407825013,
        -2.5408120155334473,
        -2.7753364048399867,
        -2.187267605458395,
        2.375917434692383
    ],
    "UPRIGHT": [
        0.0,
        -1.5709999799728394,
        0.0,
        -1.5709999799728394,
        0.0,
        0.0
    ],
    "ALICE_GRIP_READY": [
        2.6595206260681152,
        -0.5337305825999756,
        1.7382877508746546,
        -1.2007281345180054,
        -4.388608996068136,
        0.8099756240844727
    ],
    "BOB_GRIP_READY": [
        2.169093370437622,
        -2.4448090992369593,
        -1.766400933265686,
        -2.0541964970030726,
        -1.7273295561419886,
        2.375678062438965
    ],
    "ALICE_BI_START": [
        2.3041763305664062,
        -0.9839934867671509,
        2.1242249647723597,
        0.4406060415455322,
        -5.563268009816305,
        0.035406552255153656
    ],
    "BOB_BI_START": [
        2.253117561340332,
        -2.0880004368224085,
        -2.0183968544006348,
        -3.702728410760397,
        -0.7739275137530726,
        3.053149938583374
    ],
    "TEST": [
        2.23103928565979,
        -2.081245084802145,
        -2.0081679821014404,
        -3.7176934681334437,
        -0.8305886427508753,
        2.965362787246704
    ],
    "test1": [
        1.7893446683883667,
        -0.9541250032237549,
        -2.5407793521881104,
        -2.775313516656393,
        -2.1872642675982874,
        2.3759067058563232
    ],
    "test2": [
        1.7893418073654175,
        -0.9541193407825013,
        -2.5408120155334473,
        -2.7753364048399867,
        -2.187267605458395,
        2.375917434692383
    ],
    "YEAH": [
        1.7893095016479492,
        -0.9541169565967103,
        -2.5407960414886475,
        -2.775332590142721,
        -2.187260452901022,
        2.375917434692383
    ],
    "HEJJJJ": [
        1.7893327474594116,
        -0.9541554611972352,
        -2.540815591812134,
        -2.7753521404662074,
        -2.187260452901022,
        2.3759207725524902
    ],
    "JATAAAKKK": [
        1.7893445491790771,
        -0.9541360300830384,
        -2.5408120155334473,
        -2.7753173313536585,
        -2.1872571150409144,
        2.3758981227874756
    ],
    "HEJ": [
        1.7893290519714355,
        -0.9540974062732239,
        -2.5407960414886475,
        -2.775355478326315,
        -2.1872523466693323,
        2.375917434692383
    ],
    "hsshsh": [
        1.7893290519714355,
        -0.9541563552669068,
        -2.540781021118164,
        -2.7753364048399867,
        -2.1872642675982874,
        2.375936985015869
    ],
    "feW": [
        1.7893290519714355,
        -0.954120473270752,
        -2.5408504009246826,
        -2.775321146050924,
        -2.187260452901022,
        2.375917434692383
    ],
    "tryws": [
        1.789332628250122,
        -0.9541168373874207,
        -2.540792226791382,
        -2.7753054104247035,
        -2.1872485319720667,
        2.3759055137634277
    ],
    "juhg": [
        1.7893290519714355,
        -0.9541323941997071,
        -2.5408270359039307,
        -2.775320669213766,
        -2.18727952638735,
        2.375936985015869
    ],
    "jhvg": [
        1.7893131971359253,
        -0.9540974658778687,
        -2.5408084392547607,
        -2.7753330669798792,
        -2.187260452901022,
        2.375917434692383
    ],
    "bgfgt": [
        1.7893600463867188,
        -0.9541323941997071,
        -2.540799617767334,
        -2.775351663629049,
        -2.1872642675982874,
        2.375917434692383
    ],
    "sqaS": [
        1.789325475692749,
        -0.9541168373874207,
        -2.540799617767334,
        -2.775332590142721,
        -2.187280003224508,
        2.3759241104125977
    ],
    "hajia": [
        1.7893168926239014,
        -0.9541013997844239,
        -2.540799617767334,
        -2.7753483257689417,
        -2.1872881094561976,
        2.3759138584136963
    ]
}