{
    "ALICE_HOME": [
        2.802584171295166,
        -2.1626435718932093,
        2.5096266905414026,
        -0.2955489915660401,
        -4.292219702397482,
        0.8100595474243164
    ],
    "BOB_HOME": [
        1.789325475692749,
        -0.9541444343379517,
        -2.5408120155334473,
        -2.7753435573973597,
        -2.1872642675982874,
        2.3759138584136963
    ],
    "ALICE_UPRIGHT": [
        1.7773985746316612e-05,
        -1.5710035763182582,
        1.0792409078419496e-05,
        -1.570998331109518,
        9.5367431640625e-07,
        1.8994966012542136e-05
    ],
    "BOB_UPRIGHT": [
        0.0,
        -1.5709999799728394,
        0.0,
        -1.5709999799728394,
        0.0,
        0.0
    ],
    "ALICE_GRIP_READY": [
        2.6595206260681152,
        -0.5337305825999756,
        1.7382877508746546,
        -1.2007281345180054,
        -4.388608996068136,
        0.8099756240844727
    ],
    "BOB_GRIP_READY": [
        2.169093370437622,
        -2.4448090992369593,
        -1.766400933265686,
        -2.0541964970030726,
        -1.7273295561419886,
        2.375678062438965
    ],
    "ALICE_BI_START": [
        2.3041763305664062,
        -0.9839934867671509,
        2.1242249647723597,
        0.4406060415455322,
        -5.563268009816305,
        0.035406552255153656
    ],
    "BOB_BI_START": [
        2.253117561340332,
        -2.0880004368224085,
        -2.0183968544006348,
        -3.702728410760397,
        -0.7739275137530726,
        3.053149938583374
    ],
    "BOB_TEST_ADMITTANCE": [
        2.498541831970215,
        -2.306450983087057,
        -1.9673066139221191,
        -2.068256994287008,
        -1.5149739424334925,
        2.3784584999084473
    ],
    "ALICE_TEST_ADMITTANCE": [
        2.177647590637207,
        -0.7594893139651795,
        2.011763874684469,
        -1.208143250351288,
        -4.840527598057882,
        0.7719624042510986
    ]
}