{
    "ALICE_HOME": [
        0.0,
        -2.3561999797821045,
        2.628000020980835,
        -1.5707999467849731,
        -1.5707999467849731,
        0.0
    ],
    "BOB_HOME": [
        3.1415998935699463,
        -0.7853999733924866,
        -2.628000020980835,
        -1.5707999467849731,
        1.5707999467849731,
        0.0
    ],
    "UPRIGHT": [
        0.0,
        -1.5709999799728394,
        0.0,
        -1.5709999799728394,
        0.0,
        0.0
    ]
}